shipper_code,shipper_name,address1,postcode,state,country,telephone,email,city,fax,mobile,contact,remark,tax_exclusive,manual_rate,invoice_format,credit_limit,term_day,acc_bal,user_id
ANEKA,Aneka Publication & Distributors Sdn Bhd,"No. 3, Level 2, Jalan Sri Sarawak 20B, ",41200,SELANGOR,MALAYSIA,03-333237043,anekapd@yahoo.com,Taman Sri Andalas,,,,,0,0,,,,,
BUNCHO,Buncho Marketing Sdn Bhd,"No. 6, Jalan Sungai Chadong 8, ",42100,SELANGOR,MALAYSIA,03-32914418,buncho.malaysia@gmail.com,"Off Batu 5, Jalan Kapar Klang",,,,,0,0,,,,,
CEMERLANG,Cemerlang Publications Sdn Bhd,"No. 29, Jalan PBS 14/3, ",43300,SELANGOR,MALAYSIA,03-89417748,cemerlangsalesdept@gmail.com,Taman Perindustrian Bukit Serdang,,,,,0,0,,,,,
CHONGWAH,Chong Wah Corporation Sdn Bhd,"Lot PT1517, 1, Jalan Seri Maju 3, ",33000,PERAK,MALAYSIA,57761084,cwc.aero@gmail.com,Taman Perindustrian Seri Maju,,,,,0,0,,,,,
EDDIPLEX,Eddiplex Sdn Bhd,"No. 7, Jalan Nilam 1/1, ",40000,SELANGOR,MALAYSIA,03-56329408,eddiplexsdnbhd@gmail.com,"Subang Hitech Industrial Park, Batu 3",,,,,0,0,,,,,
SASBADI,Sasbadi Sdn Bhd,"Lot 12, Jalan Teknologi 3/4,",47810,SELANGOR,MALAYSIA,03-61451188,enquiry@sasbadi.com," Taman Sains Selangor 1, Kota Damansara",,,,,0,0,,,,,
ALIMHARMONY,Alim Harmony Sdn Bhd,"No. 32, Jalan Legenda 2, Legenda Heights",8000,KEDAH,MALAYSIA,04-4202787,,,,,,,0,0,,,,,
AMAZINGBOOK,Amazing Books Supplies,"No. 5, Jalan Pantai Jerjak 9, Taman Sungai Nibong",11900,PENANG,MALAYSIA,,,,,,,,0,0,,,,,
ALPHABET,Alphabet Publications Sdn Bhd,"No. 11, Jalan AP 1C/20, Taman Alam Perdana",42300,SELANGOR,MALAYSIA,012-6812230,alphabetpublications@yahoo.com,,,,,,0,0,,,,,
ALAFSANJUNG,Alaf Sanjung Sdn Bhd,"No. 23, Jalan Sungai Besi Indah 5/2, ",43300,SERI KEMBANGAN,MALYSIA,03-89410611,alafsanjung@hotmail.com,Taman Sungai Besi Indah,,,,,0,0,,,,,
ATTARBIAH,Attarbiah Sdn Bhd,"No. 19-3, Jalan PJU 5/4, Dataran Sunway,",47810,PETALING JAYA,MALAYSIA,016-2337901,attarbiah@gmail.com,Kota Damansara,,,,,0,0,,,,,
BRECARE,Bre Care Sdn Bhd,"S-3-02, Wisma Biz Gamuda, No.12,",40460,SELANGOR,MALAYSIA,012-2593349,admin@bumire.com,"Kota Kemuning, Shah Alam",,,,,0,0,,,,,
SETIAMAS,Setiamas Publication,"No. 48, Jalan TSB 3, ",47000,SELANGOR,MALAYSIA,03-61578201,,Taman Perindustrian Sungai Buloh,,,,,0,0,,,,,
ADWORKS,Adworks In-progress Sdn Bhd,"Happy Mansion, Unit C5-5, Jalan 17/13",46400,SELANGOR,MALAYSIA,03-79322617,,,,,,,0,0,,,,,
BOUNTIFUL,Bountiful Marketing Sdn Bhd,"Lot 1947, Lorong IKS Bukit Minyak 2, ",14100,PENANG,MALAYSIA,04-5073690,,"Taman IKS Bukit Minyak, Simpang Ampat",,,,,0,0,,,,,
BRIGHT,Bright Publications Sdn Bhd,"No. 12,  Jalan USJ 17/3C Subang Jaya",47630,SELANGOR,MALAYSIA,03-80241898,,,,,,,0,0,,,,,
BUKUFIXI,Buku Fixi Sdn Bhd,"No. 33-3, Plaza Danau Desa, Jalan 109F, ",58100,KUALA LUMPUR ,MALAYSIA,017-3288562,info@fixi.com.my," Tmn Danau Desa, Off Jalan Klang Lama",,,,,0,0,,,,,
BZCHEMICAL,Bz Chemical Industries (M) Sdn Bhd,"No. 41A, Jalan SG3/12, Pusat Bandar Sri Gombak",68100,SELANGOR,MALAYSIA,03-61888477,info@bzchemical.com,Batu Caves,,016-2085442,,,0,0,,,,,
CARDUTA,Carduta Sdn Bhd,"No. 68, Jalan PBS 14/3,",43300,SELANGOR,MALAYSIA,03-89381822,sales@carduta.com.my, Taman Perindustrian Bukit Serdang,,016-3113169,,,0,0,,,,,
CERDIK,Cerdik Publications Sdn Bhd,"No. 5, Jalan TP 7/5, Sime UEP Industrial Park",40400,SELANGOR,MALAYSIA,03-51037879,hr.cerdik@gmail.com,Subang Jaya,,,,,0,0,,,,,
CHCBOOK,CHC Book Distributors Sdn Bhd,"No. 3, Jalan USJ 1/1B, Regalia Business Centre",47620,SELANGOR,MALAYSIA,03-80238533,chcbkdis@hotmail.com,Subang Jaya,,,,,0,0,,,,,
COMPESTI,Compesti Sdn Bhd,"No. 17, Jalan Utama 2/16, ",47100,SELANGOR,MALAYSIA,03-80602729,accounts@compesti.com,Taman Perindustrian Puchong Utama,,,,,0,0,,,,,
CORNER,Corner Stone,"No. 12A, Jalan Seri Banyan 2, Taman Sri Banyan, Country Height",43000,SELANGOR,MALAYSIA,03-87369422,,Kajang,,,,,0,0,,,,,
CONTENTPLUS,Content Plus Sdn Bhd,"No. 32, Jalan Pbs 14/8,Taman Perindustrian Bukit Serdang",43300,SELANGOR,MALAYSIA,03-89408268,contentplussb@gmail.com,Seri Kembangan,,,,,0,0,,,,,
CPSTATIONERY,CP Stationery Sdn Bhd,"No. 1947, Lorong IKS Bukit Minyak 2, Taman IKS Bukit Minyak",14100,PENANG,MALAYSIA,04-5073690,,Simpang Ampat,,,,,0,0,,,,,
DAP,Democratic Action Party,"Jalan Yew, Pudu",55100,KUALA LUMPUR ,MALAYSIA,03-92005000,dap@dapmalaysia.org,,,,,,0,0,,,,,
DYNAMICBOOK,Dynamic Book Store Sdn Bhd,"No. 43 & 45, Jalan Stesen",34000,PERAK,MALAYSIA,05-8076799,dbstore2000@gmail.com,Taiping,,,,,0,0,,,,,
DORINKU,Dorinku Private Label Sdn Bhd,"No. 10, Jalan Astaka U8/88B, Bukit Jelutong",40150,SELANGOR,MALAYSIA,017-5717501,,Shah Alam,,,,,0,0,,,,,
DYKREATIF,DY Kreatif Network,"No. 21, Jalan LP 1/6, ",43300,SELANGOR,MALAYSIA,016-6611470,dykreatif@gmail.com,Taman Lestari Perdana Seri Kembangan,,,,,0,0,,,,,
E1BOOK,E1 Publication Sdn Bhd,"No. 9-4, Jalan Tasik Selatan 8,",57000,KUALA LUMPUR ,MALAYSIA,03-90579933,, Bandar Tasik Selatan,,,,,0,0,,,,,
EDUKID,Edukid Distributors Sdn Bhd,"No. 5, Jln Perusahaan Amari,",68100,SELANGOR,MALAYSIA,03-61787861,edukidbooks@gamil.com,Amari Business Park,,,,,0,0,,,,,
EDMEGAH,Edaran Megah Enterprise,"No. 108-08-07, Villa Emas Condo,",11920,PENANG,MALAYSIA,04-6581314,,Persiaran Bayan Indah Bayan Lepas,,,,,0,0,,,,,
FCBIOS,FC-BIOS Sdn Bhd,"No. 31 & 33, Jalan SS 15/4B, SS 15",47500,SELANGOR,MALAYSIA,03-56351559,sales@fcbios.com.my,Subang Jaya,,,,,0,0,,,,,
EMIFILE,Emi-File (M) Sdn Bhd,"No. 3-5, Jalan P1, Kawasan Perindustrian,",43300,SELANGOR,MALAYSIA,03-89615002,marketing@emifile.com,Kampung Baru Balakong Seri Kembangan,,,,,0,0,,,,,
EDIKHWAN,Edaran Ikhwan Enterprise,"No. 42-G, Cangkat Bukit Belah",11920,PENANG,MALAYSIA,012-5197218,,Bayan Lepas,,,,,0,0,,,,,
ENGCENTRE,Eng Language Centre,"No. 39, Jalan Wayang Gambar",34000,PERAK,MALAYSIA,,,Taiping,,,,,0,0,,,,,
ELITEED,Elite Educational Supplies,"No. 15, Tingkat Pasir Belanda 4,",11920,PENANG,MALAYSIA,012-4081617,eliteedu88@gmail.com,Teluk Kumbar Bayan Lepas,,,,,0,0,,,,,
ESTEEM,Esteem Orb Sdn Bhd,"No.1, Jalan Sepadu 25/123A,",40150,SELANGOR,MALAYSIA,03-55258850,esteemorb@outlook.com,Taman Perindustrian Axis Shah Alam,,,,,0,0,,,,,
EPH,EPH Publishing (M) Sdn Bhd,"No.8, Jalan 7/118B, Desa Tun Razak",56000,KUALA LUMPUR ,MALAYSIA,03-91796363,eph@popularworld.com,,,,,,0,0,,,,,
EDARANSOON,Edaran Soon Wang Bk Str,"No. 20, Lorong Belimbling 3, Bukit Mertajam",14000,PENANG,MAAYSIA,012-4186168,,,,,,,0,0,,,,,
EVANGEL,Evangel Book Centre,"No. 31, Jalan SS2/64, Sea Park",47300,SELANGOR,MALAYSIA,03-78757775,,Petaling Jaya,,,,,0,0,,,,,
EDARANYAKIN,Edaran Yakin Enterprise,"No. 7, Tingkat Impian Indah 2, Taman Impian Indah",14000,SELANGOR,MALAYSIA,04-5060115,, Bukit Mertajam Bayan Lepas,,,,,0,0,,,,,
EZFRESH,Ez Fresh Enterprise,"No. 109, Kawasan Perusahaan Tandop, ",05050,KEDAH,MALAYSIA,04-7724115,ezfresh1_enterprise@yahoo.com,Lebuhraya Sultanah Bahiyah Alor Setar,,,,,0,0,,,,,
FEDERAL,Federal Stationery & Publishing Co Sdn Bhd,"No. 16, Jalan PJU 3/49, Technology Park, ",47810,SELANGOR,MALAYSIA,03-78052135,, Sunway Damansara Petaling Jaya,,,,,0,0,,,,,
FINESUCCESS,Fine Success Enterprise,"No. 276, Jalan Dato Ismail Hashim, Sungai Ara",11900,PENANG,MAAYSIA,012-4143633,,Bayan Lepas,,,,,0,0,,,,,
GEMILITE,Gemilite Sdn Bhd,"No. 15, Jalan PJS 11/20, Bandar Sunway",47500,SELANGOR,MALAYSIA,03-56351111,nor_genilite@yahoo.com,Petaling Jaya,,,,,0,0,,,,,
GERAKBUDAYA,GB Gerakbudaya Enterprise Sdn Bhd,"No. 2, Jalan Bukit 11/2, Seksyen 11",46200,SELANGOR,MALAYSIA,03-79541355,gerak@gerakbudaya.com,Petaling Jaya,,,,,0,0,,,,,
BUKUSBC,Galeri Buku Sbc Sdn Bhd,"No. 50&51, Jalan Kenanga 29/3, ",81000,JOHOR ,MALAYSIA,07-6625316,,Taman Indah Pura Kulai,,,,,0,0,,,,,
GALLERIESGIFTS,Galleries Gifts House Sdn Bhd,"No. 16-1, Block B, The Wharf Biz, Jalan Pp 5/1,",47100,SELANGOR,MALAYSIA,03-80522188,,Taman Tasik Prima Puchong,,,,,0,0,,,,,
GERAKILMU,Gerak Ilmu Sdn Bhd,"No. 40, Jalan Bagan Nira 26/8, Seksyen 26",40400,SELANGOR,MALAYSIA,03-51929622,,Shah Alam,,,,,0,0,,,,,
GLOBAL,Global Mediastreet Sdn Bhd,"No. 15, Jalan 9/152, Taman Perindustrian Oug",58200,KUALA LUMPUR ,MALAYSIA,03-77836309,enquiry@mediastreet.com.my," Batu 6 1/2, Jalan Puchong",,,,,0,0,,,,,
GENTA,Genta Media Sdn Bhd,"2nd Floor, Block A, Wisma Wenworth KL,",55100,KUALA LUMPUR ,MALAYSIA,03-92818105,,Jalan Yew Off Jalan Pudu,,,,,0,0,,,,,
GREENTECH,Green Tech Lighting & Power Saving,"No. 99, Jalan USJ 2/4Q Subang Jaya",47600,SELANGOR,MALAYSIA,012-2681683,,,,,,,0,0,,,,,
HASANI,Hasani Edar Sdn Bhd,"No. 43-A & 44-A, Jalan Pengkalan, ",08000,KEDAH,MALAYSIA,04-4253699,edarbooks@hasani.com.my,Taman Pekan Baru Sungai Petani,,,,,0,0,,,,,
HYPERSURF,Hypersurf Corporation Sdn Bhd,"No 1, Jalan 4/118C, Desa Tun Razak Industrial Park",56000,KUALA LUMPUR ,MALAYSIA,03-91726701,,Cheras,,,,,0,0,,,,,
HDGROW,HD Grow Enterprise,"No. 5460, Jalan Bukit Tengah, Taman Indah",14000,PENANG,MALAYSIA,04-5086833,,Bukit Mertajam,,,,,0,0,,,,,
HONGLEUNG,Hong Leung Shoe Sdn Bhd,"No. 15, Jalan Helang Bukit (Jalan 115)",52100,KUALA LUMPUR ,MALAYSIA,03-62743334,enquiry@hlshoe.com," Industrial Estate, Kepong Baru",,,,,0,0,,,,,
HPBERJAYA,Hp Berjaya Enterprise,"No. 30, Jalan Balai Kampar",31900,PERAK,MALAYSIA,05-4668342,,,,,,,0,0,,,,,
IRASBUDI,Iras Budi Resources Sdn Bhd,"No. 13, Lintasan Relau, Jalan Menteri",34100,PERAK,MALAYSIA,05-8391324,,Selama,,,,,0,0,,,,,
IMAHIR,I Mahir Sdn Bhd,"No. 18, Jalan SS 26/11, Taman Mayang Jaya",47301,SELANGOR,MALAYSIA,012-2332726,,Petaling Jaya,,,,,0,0,,,,,
INTHING,Inthing Marketing,"Lot 4A/11, 4th Floor, Jln 4/37A, Kawasan Industri Taman Bukit Maluri",52100,KUALA LUMPUR ,MALAYSIA,03-62736605,,Kepong,,,,,0,0,,,,,
INSPIRE,Inspire Concepts Sdn Bhd,"No. 30, Jalan Sungai Jeluh 32/192,Nouvelle Kemuning Industrial Park, Bukit Rimau",40460,SELANGOR,MALAYSIA,03-51316886,,Shah Alam,,,,,0,0,,,,,
INTRABAKTI,Intrabakti Sdn Bhd,"D-1-6, Setiawangsa Business Sultes, ",54200,KUALA LUMPUR ,MALAYSIA,03-42573115,,"Jalan Setiawangsa 11, Taman Setiawangsa",,,,,0,0,,,,,
ISSFACILITY,ISS Facility Services Sdn Bhd,"B-7-5, 7th Floor, Block B, Jalan Kenari 5,",47170,SELANGOR,MALAYSIA,03-80761133,,"IOI Boulevard, Bandar Puchong Jaya",,,,,0,0,,,,,
PURMEI,Jas Purmei Trading,"No. 12, Jalan Kencana 17, Taman Kencana",56100,KUALA LUMPUR ,MALAYSIA,03-42800664,,,,,,,0,0,,,,,
JSWISDOM,JS Wisdom Enterprise,"No. 119, Taman Mutiara Mergong",05150,KEDAH,MALAYSIA,010-7885285,,Alor Setar,,,,,0,0,,,,,
JUPITER,Jupiter High Enterprise,No. 1200 Taman Seri Kota Fasa 5,05400,KEDAH ,MALAYSIA,,,Jalan Kuala Kedah Alor Setar,,,,,0,0,,,,,
KPOINT,K-Point O.E. Sdn Bhd,"No. 8 & 9, Jalan Indah 2/7, Taman Indah, 11 Miles",43200,SELANGOR,MALAYSIA,03-90768962,simonteoh@pointgroup.com.my,Cheras,,,,,0,0,,,,,
KUALITI,Kualiti Books Sdn Bhd,"No. 6, Jalan PJS 1/29, Taman Petaling Utama",46150,SELANGOR,MALAYSIA,03-77819662,info@kualitibooks.com,Petaling Jaya,,,,,0,0,,,,,
KAMALBOOK,Kamal Medical Books Supplies Sdn Bhd,"No. 134, Jalan Pahang, Setapak",53000,KUALA LUMPUR ,MALAYSIA,03-40214612,kamalmedical@outlook.com,,,,,,0,0,,,,,
KBLEE,KBLEE Educational Supplies,"No. 37, Taman Kristal Jalan Sultanah Sambungan",05150,KEDAH,MALAYSIA,03-61787861,kblee1@yahoo.com,Alor Setar,,,,,0,0,,,,,
KBRBOOK,KBR Book Centre,"No. 1090, Jalan Padang Kelab, Kepala Batas",13200,PENANG,MALAYSIA,,,Seberang Perai,,,,,0,0,,,,,
KANYIN,Kanyin Publications Sdn Bhd,"3A-10, Anzen Business Park, No 3-9, Jalan 4/37A, ",51200,KUALA LUMPUR ,MALAYSIA,03-62731626,kanyinpublications@gmail.com,Kawasan Industri Taman Bukit Maluri Kepong,,,,,0,0,,,,,
KSINNOV,KS Innovative Sdn Bhd,"No. 18, Jalan TK5/41, Kinrara Industrial Park, ",47100,SELANGOR,MALAYSIA,03-80708737,ask@sandarts.com," 13KM, Jalan Puchong , Puchong",,,,,0,0,,,,,
KIDDIBIRD,Kiddibird Sdn Bhd,"No. 19 & 21, Jalan Sbc 6, Taman Batu Caves",68100,SELANGOR,MALAYSIA,03-61841266,fauziah_aziz@kiddibird.com,,,,,,0,0,,,,,
KOHWAI,Kohwai & Young Warehouse,"No. 57 & 58, Jalan PJS 3/2, Taman Medan",46000,SELANGOR,MALAYSIA,03-77851191,,Petaling Jaya,,,,,0,0,,,,,
LOTUS,Lotus Enterprise,"No. 56,  Taman Aman, Jalan Besar, Sungai Siput",31100,PERAK,MALAYSIA,05-5981388,,Kuala Kangsar,,,,,0,0,,,,,
LZHANX,LZ Hanx Sdn Bhd,"No. 16, Jalan PJS 3/48, Taman Sri Manja",46000,SELANGOR,MALAYSIA,03-77811312,,Petaling Jaya,,,,,0,0,,,,,
MARCO,Marco Corporation (M) Sdn Bhd,"25th Floor, Menara JKG, No.282, Jalan Raja Laut,",50350,KUALA LUMPUR ,MALAYSIA,03-27778222,,,,,,,0,0,,,,,
MALAYSIANBOOK,Malaysian Book Promotions Sdn Bhd,"Lot 12 Jalan Teknology 3/4, ",47810,SELANGOR,MALAYSIA,03-61451188,,"Taman Sains Selangor 1, Kota Damansara",,,,,0,0,,,,,
MIKA,Mika Cemerlang Sdn Bhd,"No. 33-1, Jalan USJ 1/1A, Regalia Business Center",47620,SELANGOR,MALAYSIA,03-80233286,esteemorb@outlook.com,Subang Jaya,,,,,0,0,,,,,
MUTIARA,Mutiara Cemerlang Sdn Bhd,"Dataran Millennium, 1-037, Tingkat 1, Jalan 14/1, Seksyen 14,",46100,SELANGOR,MALAYSIA,03-79551953,mutiaracsb@gmail.com,Petaling Jaya,,,,,0,0,,,,,
MEDUBOOK,Medu Books Distributor,"No. 44, Jalan 4/133, Taman Sri Sentosa",58000,KUALA LUMPUR ,MALAYSIA,03-77821707,gookooichooi@gmail.com,,,,,,0,0,,,,,
MEHRAJBOOK,Mehraj Book Distribution,"No. 10, Jalan Pandan 8/8, Pandan Jaya",55100,KUALA LUMPUR ,MALAYSIA,03-92878786,enquiry@mehrajbooks.com.my,,,,,,0,0,,,,,
MEGAFLEXO,Megaflexo Print Sdn Bhd,"No. 69 Jalan Selampit 26, Kawasan 3,",41200,SELANGOR,MALAYSIA,03-33238118,mgaflexo@gmail.com,"Taman Klang Jaya, Klang",,,,,0,0,,,,,
MUTIARAILMU,Mutiara Ilmu Sdn Bhd,"No. 8, Jalan 7/152, Taman Perindustrian Oug,",58200,KUALA LUMPUR ,MALAYSIA,03-79601037,,,,,,,0,0,,,,,
MYLAB,MY Laboratiories & Services,"No. 17, Jalan Rodat 12/KUD 6, Bandar Bukit Raja",41050,SELANGOR,MALAYSIA,03-79665639,,Klang,,,,,0,0,,,,,
MYBOOKS,Mybooks.com Sdn Bhd,"No. 2, Jalan Lp 1a/1, Taman Lestari Perdana",43300,SELANGOR,MALAYSIA,03-89576888,,Seri Kembangan,,,,,0,0,,,,,
MYTEACH,Myteach Sdn Bhd,"No. 21, Jalan Puteri 5/18, Bandar Puteri",47100,SELANGOR,MALAYSIA,03-80667446,,Puchong,,,,,0,0,,,,,
NOVUM,Novum Organum Publishing ,"No. 8, Jalan 7/118b, Desa Tun Razak",56000,KUALA LUMPUR ,MALAYSIA,03-91796250,,House (M) Sdn Bhd,,,,,0,0,,,,,
ORBITBUKU,Orbit Buku Sdn Bhd,"Lot 12, Jalan Teknologi 3/4, Taman Sains Selangor 1,",47810,SELANGOR,MALAYSIA,03-61451188,enquiry@orbitbuku.com.my, Kota Damansara,,,,,0,0,,,,,
OXFORDFAJAR,Oxford Fajar Sdn Bhd,"No. 4 Jalan Pemaju U1/15, Section U1, ",40150,SELANGOR,MALAYSIA,03-56294000,Praba.Subramaniam@oup.com,Hicom-Glenmarie Industrial Park,,,,,0,0,,,,,
OAKPUBLICATION,Oak Publication Sdn Bhd,"No. 43, Jalan SS 4C/6, Taman Rasa Sayang",47301,SELANGOR,MALAYSIA,017-8839737,oakpub@gmail.com,Petaling Jaya,,,,,0,0,,,,,
PANASIA,Pan Asia Publications Sdn Bhd,"No. 2-16, Jalan SU 8, Taman Perindustrian",40300,SELANGOR,MALAYSIA,03-56144168,enquiry@panasiapub.com," Subang Utama, Seksyen 22 Shah Alam",,,,,0,0,,,,,
BUDIMAN,Penerbitan Budiman Sdn Bhd,"No. 7, Jln 4/152, Taman Perindustrian Oug, ",58200,KUALA LUMPUR ,MALAYSIA,03-77701346,budiman201537@yahoo.com.my,Off Jln Puchong,,,,,0,0,,,,,
PUSTAKAGOH,Pustaka Goh,"No. 27, Jalan Kangar-alor Setar, Taman Pertiwi",01000,PERLIS,MALAYSIA,04-9705186,,Kangar,,,,,0,0,,,,,
BUKUALFA,Pusat Buku Alfa,"No. 39, Jalan Leong Sin Nam, Kampung Jawa",30300,PERAK,MALAYSIA,05-2539681,,Ipoh,,,,,0,0,,,,,
BUKUGEMILANG,Pusat Buku Gemilang,"No. 3, Jalan Selasih,  Taman Semarak",O09000,KEDAH,MALAYSIA,04-4919311,,Kulim,,,,,0,0,,,,,
BESTARI,Pustaka Bestari Utara Sdn Bhd,"No. 318, Jalan Perusahaan 2, Taman Bandar Baru Mergong",05150,KEDAH,MALAYSIA,04-7318410,,Alor Setar,,,,,0,0,,,,,
PELANDUK,Pelanduk Publication,"No. 12, Jalan SS 13/3E, Subang Jaya Industrial Estate",47500,SELANGOR,MALAYSIA,03-56386885,,Subang Jaya,,,,,0,0,,,,,
PEP,PEP Publications Sdn Bhd,"Lot 1 & 2, Jalan 7/1A, Taman Bukit Serdang, ",43300,SELANGOR,MALAYSIA,03-61561008,cemerlangsalesdept@gmail.com,Seksyen 7,,,,,0,0,,,,,
INSPIRASI,Penerbitan Inspirasi Sdn Bhd,"No. 83A, Jalan BPU2, Bandar Puchong Utama",47100,SELANGOR,MALAYSIA,03-58910882,pisb.inspirasi@gmail.com,Puchong,,,,,0,0,,,,,
FAMOUS,Pustaka Famous,"No. 105,  Lahat Si Wang 2",31500,PERAK,MALAYSIA,010-3738014,,,,,,,0,0,,,,,
ILMUBAKTI,Penerbit Ilmu Bakti Sdn Bhd,"No. 18, Jalan PJS 5/26, Taman Desaria",46150,SELANGOR,MALAYSIA,03-77833233,info@pib2006.com,Petaling Jaya,,,,,0,0,,,,,
PUSTAKAJITRA,Pustaka Jitra,"No. 23-A, Jalan PJ 1, Pekan Jitra 3",06000,KEDAH,MALAYSIA,04-9170202,,Jitra,,,,,0,0,,,,,
PNINEURON,PNI Neuron (M) Sdn Bhd,"No. 1, Wisma Neuron, Jalan TPP 6/6, ",47100,SELANGOR,MALAYSIA,03-80626229,info@pnineuron.com,Taman Perindustrian Puchong,,,,,0,0,,,,,
POPULAR,Popular Book Co. (M) Sdn Bhd,"No. 8 Jalan 7/118B, Desa Tun Razak",56000,KUALA LUMPUR ,MALAYSIA,03-91796333,albert@popularworld.com,,,,,,0,0,,,,,
PELANGI,Penerbitan Pelangi Sdn Bhd,"Lot 8, P10/10, Kawasan Perusahaan Bangi,",43650,SELANGOR,MALAYSIA,03-89223993,Syarafana@pelangibooks.com,Bandar Baru Bangi,,,,,0,0,,,,,
PSTVISION,PST Vision Enterprise,"No. 116, Jalan Bpj 3A/2, Bandar Puteri Jaya",08000,KEDAH,MALAYSIA,013-4221688,,Sungai Petani,,,,,0,0,,,,,
PUBLICINDUSTRY,Public Industries Sdn Bhd,"Lot Pt 367, Kuala Kangsar Industrial Estate",33000,PERAK,MALAYSIA,05-7762244,,Kuala Kangsar,,,,,0,0,,,,,
PUSTAKANIS,Pustaka Nis,"Blok 01-01-01, Nusavilla, Jalan Jati 11,",79100,JOHOR,MALAYSIA,,,Tmn Nusa Bestari Jaya Nusajaya,,,,,0,0,,,,,
RNS,RNS Marketing,"No. 135 Jalan Jasa, Off Jalan Hj Sirat",41050,SELANGOR,MALAYSIA,03-33426328,,Klang,,,,,0,0,,,,,
SHIRANOE,Shiranoe Sdn Bhd,"Industrial Estate, No. 15, ",52100,KUALA LUMPUR ,MALAYSIA,03-62743334,,"Jalan Helang Bukit, Kepong Baru",,,,,0,0,,,,,
ABDULMAJEED,S Abdul Majeed & Co Sdn Bhd,"7, Jalan Bangsar Utama 3, Bangsar",59000,KUALA LUMPUR ,MALAYSIA,03-22832230,sambooks.my@gmail.com,,,,,,0,0,,,,,
SAMA,Sama Publications & Distributors Sdn Bhd,"First Floor, PJ Industrial Park,",46200,SELANGOR,MALAYSIA,03-79574823,," Jalan Kemajuan, Seksyen 12 Petaling Jaya",,,,,0,0,,,,,
SAP,SAP Publications (M) Sdn Bhd,"No. 40, Jalan Bagan Nira 26/8, Seksyen 26",40400,SELANGOR,MALAYSIA,03-51929622,,Shah Alam,,,,,0,0,,,,,
SBCPEN,SBC Pen Book Distributors Sdn Bhd,"No. 18, Lebuh Rambai 9",11060,PENANG,MALAYSIA,04-8282626,,,,,,,0,0,,,,,
SERMAJU,Sermaju Sdn Bhd,"No. 6, Jalan PBS 14/13, Taman Perindustrian Bukit Serdang",43300,SELANGOR,MALAYSIA,03-89405758,pr@sermaju.com.my,Seri Kembangan,,,,,0,0,,,,,
SPECIAL,Special Enhancement Sdn Bhd,"21A-4, Block H, Jalan PJU 1/37, Dataran Prima",47301,SELANGOR,MALAYSIA,03-78028228,,Petaling Jaya,,,,,0,0,,,,,
SMARTBOOK,Smart Book World,"No. 18, Jalan Simbang, Taman Perling",81200,JOHOR,MALAYSIA,07-2388702,,Johor Bahru,,,,,0,0,,,,,
ROSMIZAH,Siti Rosmizah Publication Sdn Bhd,"16-G , Jalan Hijau 5/3, Green Valley Park,",48020,SELANGOR,MALAYSIA,03-60345418,srpublication10@gmail.com,Bandar Tasik Puteri,,,,,0,0,,,,,
STONEMASON,Stonemason Sdn Bhd,"No.16, Jalan Anggerik Vanilla, ",40460,SELANGOR,MALAYSIA,03-51226212,,R31/R Kota Kemuning Shah Alam,,,,,0,0,,,,,
WOMLYS,Syarikat Womlys Bookstore,"No. 4384, Jalan Raja Uda, ",12300,PENANG,MALAYSIA,04-3330030,,Taman Sin Tat Butterworth,,,,,0,0,,,,,
TANMARK,TanMark Book Centre Sdn Bhd,"No. 281 & 283, Jalan Burmah, Pulau Tikus",10350,PENANG,MALAYSA,,,George Town,,,,,0,0,,,,,
TEKA,Teka Kuchentechnik (M) Sdn Bhd,"No. 10, Jalan Kartunis U1/47, Kawasan Perindustrian Temasya",40150,SELANGOR,MALAYSIA,03-76201600,,Shah Alam,,,,,0,0,,,,,
COMMERCIAL,The Commericial Press Sdn. Bhd,"No. 40, Jalan Pbs 14/8,  Taman Perindustrian Bukit Serdang",43300,SELANGOR,MALAYSIA,03-89457363,,Seri Kembangan,,,,,0,0,,,,,
TEKUN,Tekun Jaya Medic (M) Sdn Bhd,"No. 4, Jalan 3/152, Taman Perindustrian Oug",58200,KUALA LUMPUR ,MALAYSIA,03-77826800,,,,,,,0,0,,,,,
MALAYAPRESS,The Malaya Press Sdn Bhd,"No. 1, Jalan TSB 10, ",47000,SELANGOR,MALAYSIA,03-61573158,tmp@tmpsb.com,Taman Perindustrian Sungai Buloh,,,,,0,0,,,,,
TIMES,Times Educational Co Sdn Bhd,"No. 18, Jalan 19/3",48300,SELANGOR,MALAYSIA,03-79571766,,,,,,,0,0,,,,,
TOAD,Toad Publishing & Distribution Sdn Bhd,"No. 28, Jalan BPU 8, Bandar Puchong Utama",47120,SELANGOR,MALAYSIA,03-58911668,toadpublishing@live.com,Puchong,,,,,0,0,,,,,
TOYO,Toyo Stationery Corporation (M) Sdn Bhd,"No. 2 & 4, Jalan Industri Mas 3, Taman Mas Sepang",47100,SELANGOR,MALAYSIA,03-80682325,admin_my@toyostationery.com,Puchong,,,,,0,0,,,,,
TUNAS,Tunas Pelangi Sdn Bhd,"Lot 8, Jalan P10/10, Kawasan Perusahaan Bangi",43650,SELANGOR,MALAYSIA,03-89223993,Syarafana@pelangibooks.com,Bandar Baru Bangi,,,,,0,0,,,,,
UNICORE,Unicore Plus Enterprise,"No. 120, Taman Selayang, Jalan Sultanah Bahiyah",05350,KEDAH,MALAYSIA,,,    Alor Setar,,,,,0,0,,,,,
VINZ,VINZ Link Marketing,"No.67, Jalan Bk 5/8A , Bandar Kinrara Puchong",47180,SELANGOR,MALAYSIA,03-80717290,,,,,,,0,0,,,,,
UNITED,United Publishing House (M) Sdn Bhd,"Lot  6,  Jalan Teknologi, Taman Sains Selangor,",47810,SELANGOR,MALAYSIA,03-89430631,,Kota Damansara Petaling Jaya,,,,,0,0,,,,,
VITAL,Vital Years Holdings Sdn Bhd,"No. 10, Jalan 4/62A, Bandar Menjalara, Kepong",52200,KUALA LUMPUR ,MALAYSIA,03-62801888,dion@vitalyears.com,,,,,,0,0,,,,,
WESTOX,Westox Building Products (M) Sdn Bhd,"No. 10, Jalan 6/152, Taman Perindustrian Oug, ",58200,SELANGOR,MALAYSIA,03-77827588,,"Batu 6, Off Jalan Puchong",,,,,0,0,,,,,
WLO,WLO Effective Sdn Bhd,"No. 15, Jalan Pengkalan",08000,KEDAH,MALAYSIA,019-4730303,,Sungai Petani,,,,,0,0,,,,,
YANGMING,Yang Ming Line (M) Sdn Bhd,"Suite 12.01, Level 12, Menara Trend Intan, Millennium Square, No. 68, Jalan Batai Laut 4,",41300,SELANGOR,MALAYSIA,03-30518888,,Taman Intan Klang,,,,,0,0,,,,,
YUCO,Yuco Books & Stationary Supplier,"No. 4, Jalan PU 6/8, Taman Puchong Utama",47100,SELANGOR,MALAYSIA,017-3252323,,Puchong,,,,,0,0,,,,,
YY,YY Premium Marketing,"No. A0-13, Glenview Business Centre, ",56100,KUALA LUMPUR ,MALAYSIA,,,"Taman Pinggiran Cheras, Off Jalan Kuari",,,,,0,0,,,,,
ZARA,Zara Arissa Resources,"Arked Mara, No 38-A, Tingkat 1, Jalan Kapar",41400,SELANGOR,MALAYSIA,03-33585588,,,,,,,0,0,,,,,
ZENON,Zen On Industries Sdn Bhd,"No. 1947, Lorong Iks Bukit Minyak 2, ",14100,PENANG,MALAYSIA,04-5073690,,Simpang Ampat,,,,,0,0,,,,,
ZETTAPAC,Zettapac Sdn Bhd,"No. 129A, Jalan Pendamat 27/90, Section 27",40400,SELANGOR,MALAYSIA,012-5512035,teh.cy@zettapac.com,Shah Alam,,,,,0,0,,,,,
ZOMEL,Zomel Marketing Sdn Bhd,"No. 4, Jalan Industri 2, ",14300,PENANG,MALAYSIA,04-5938513,daniel@zomel.com.my,"Kawasan Industri Bukit Punchor, Nibong Tebal",,,,,0,0,,,,,
WELLFORM,Wellform SJ (M) Sdn Bhd,"No. 13, Blok A, Lot 756, Prime Subang Light",47610,SELANGOR,MALAYSIA,03-56340552,," Industrial Park, Jalan Subang 3 Petaling Jaya",,,,,0,0,,,,,
TECHNECTURE,Technecture Sdn Bhd,"Lot 901, Batu 13, Jalan Kelang, (Jalan Subang 10)",47100,SELANGOR,MALAYSIA,012-3062290,enquiry@technecture.com,,,,,,0,0,,,,,
BAGUS,Penerbitan Bagus Sdn Bhd,"No. 57, Jalan Matahari Z U5/Z,  Taman Subang Damai, Seksyen U5",40150,SELANGOR,MALAYSIA,03-78596998,p.bagus.sb@gmail.com,Shah Alam,,,,,0,0,,,,,
FPLUS,F Plus Resources Sdn Bhd,"No. 25, Jalan USJ 1/6B, Regalia Business",47620,SELANGOR,MALAYSIA,03-80248218,,"Centre, UEP Subang Jaya",,,,,0,0,,,,,
TECHSOURCE,TECHSOURCE DIGITAL SDN BHD,"D2-3A-09 Solaris Dutamas, No.1, Jalan Dutamas 1,",50480,KUALA LUMPUR,MALAYSIA,010-8899352,info@e-techsource.com," Hartamas Heights, 50480 Kuala Lumpur",,,,,0,0,,,,,
HIIVE,HIIVE F & B SDN BHD," 19 Jalan Ekoperniagaan 1/22, Taman Ekoperniagaan, 81100 Johor Bahru, Johor, Malaysia",81100,JOHOR,MALAYSIA,60167335871,tzeyit.hiive@gmail.com,,,,,,0,0,,,,,
ASIAMASTER ,ASIA MASTER MARKETING,"NO. 7-2, JALAN CHERAS MAJU, PERNIAGAAN CHERAS MAJU,",43200,KUALA LUMPUR,MALAYSIA,010-2132726,,,,,,,0,0,,,,,
,,,,,,,,,,,,,0,0,,,,,
REGASHI BUNDLE,REGASHI BUNDLE,"NO 28, MEDAN NIAGA TAMAN FIRDAUS, KANGAR",033000,KEDAH,MALAYSIA,018-213 4405,REGASHIBUNDLE@GMAIL.COM,,,,,,0,0,,,,,
GALLERY,GALLERY BOOKSTORE SDN BHD,"NO. 8,, JALAN CJ 1/6C, KAW. PERINDUSTRIAN CHERAS JAYA, TAMAN CHERAS JAYA,",43200,SELANGOR,MALAYSIA,03-91746778,kamarul@gallerybookstore.com.my,,,,,,0,0,,,,,
JJBAMBOO,JJ BAMBOO HOSUSE MARKETING,"53, JALAN SENTRAL 24, TAMAN NUSA SENTRAL, ISKANDAR PUTERI , NUSAJAYA",79100,JOHOR,MALAYSIA,017-3002857,jjbamboohouse@gmail.com,,,,,,0,0,,,,,
GALLERYSBC,GALLERY BUKU SBC SDN BHD,"50851, Jalan Kenanga 24/3, Taman Indah Pura, 81000 Kulai, Johor",8100,JOHOR,MALAYSIA, 07-662 5316,,,,,,,0,0,,,,,
KEKOMARKETING,KEKO MARKETING (M) SDN BHD,"TAMAN SELAMAT, ALMA 14000 BUKIT MERTAJAM",14000,PENANG,MALAYSIA,04-5515580,kekomarketing@gmail.com,,,,,,0,0,,,,,
UPINMARKETING,U PIN MARKETING SDN BHD,"LEBUH BINJAI 3, TAMAN SERI RAMBAI, BUKIT MERTAJAM",14000,PENANG,MALAYSIA,04-510 5326,upin@gmail.com,,,,,,0,0,,,,,
LEAPWISE,LEAPWISE ENTERPRISE,"Lot 2C, Jalan Keluli 15/16, Section 15, 40200",40200,SELANGOR,MALAYSIA,017-5643600,,,,,,,0,0,,,,,
COMFORTSURF,COMFORTSURF,1ST FLOOR ENDAH PARADA BANDAR BARU SERI PETALING,58200,KUALA LUMPUR,MALAYSIA,395480072,comfortsurf@gmail.com,,,,,,0,0,,,,,
HYGEIANMEDICAL,HYGEIAN MEDICAL,"44 & 46, Jalan PJS 1/28, Taman Petaling Utama, 46000 Petaling Jaya, Selangor",46000,KUALA LUMPUR,MALAYSIA,03-7783 2188,hygeianmedical@gmail.com,,,,,,0,0,,,,,
SRYE,SRYE TRADING,"JALAN PERINDUSTRIAN NILAI 3, 71800 NILAI",71800,NEGERI SEMBILAN,MALAYSIA,06-7994878,sryetrading@gmail.com,,,,,,0,0,,,,,
GUANGHENG,GUANG HENG PLASTIC INDUSTRIES SDN BHD,"111, JALAN SAWIT BARU 8, TAMAN PERINDUSTRIAN SAWIT BARU",81030,JOHOR,MALAYSIA,07-6525228,sales@yogo.com.my,,,,,,0,0,,,,,
ANVEN,ANVEN HEALTHCARE SDN BHD,"BRANCH: NO.29, JALAN SS19/6C, SUBANG JAYA",47500,SELANGOR,MALAYSIA,012-2071454,enquiry@anvenhealthcare.com,,,,,,0,0,,,,,
FAIRFIELD,FAIR FIELD BOOK,No. 52 Jalan Setia Tropika 1/29 Taman Setia Tropika,81200,JOHOR,MALAYSIA,07-2448821,fbpbook@yahoo.com.my,,,,,,0,0,,,,,
ARTISAN,ARTISAN PREMIUM SDN BHD,"LOT 1 & 2 JALAN BS 7/1A, TAMAN BUKIT SERDANG SEKSYEN 7",43300,KUALA LUMPUR,MALAYSIA,03-89592001,cemerlangsalesdept@gmail.com,,,,,,0,0,,,,,
MEDSCIENCE,MEDSCIENCE LAB SUPPLIES,"22, JLN PP 5/23, TAMAN PUTRA PRIMA, 47100 PUCHONG.",47100,SELANGOR,MALAYSIA,016-2500880,,,,,,,0,0,,,,,
SUMBER AYU,SUMBER AYU,"No 5 Jalan Pjs 2d/17, Kampung Medan 4600 Petaling Jaya ",4600,SELANGOR,MALAYSIA,,,,,,,,0,0,,,,,
SOH AIK JIN,SOH AIK JIN,,,SELANGOR,MALAYSIA,179899150,,,,,,,0,0,,,,,
KEDAI BUKU HARI,KEDAI BUKU HARI,"NO. 43, JALAN MEDAN KAMUNTING 1, MEDAN KAMUNTING,",34600,PERAK,MALAYSIA,05-8914667,kedaibukuhari2016@gmail.com,,,,,,0,0,,,,,
SKKLUSTER,SK KLUSTER ENTERPRISE,"NO. B35, JALAN TANDOP 4, TAMAN PERINDUSTRIAN TANDOP UTAMA, LEBUHRAYA SULTANAH BAHIYAH,",05400,KEDAH,MALAYSIA,04-7719968,,,,,,,0,0,,,,,
LOGWIN,LOGWIN AIR OCEAN MALAYSIA SDN BHD,"BLOCK C, UNIT 03, NO 14, PERSIARAN PERUSAHAAN SEKSYEN 23,",40300,SELANGOR,MALAYSIA,03-58700077,,,,,,,0,0,,,,,
SRIPERPATH,PUSTAKA SRI PERPATH SDN BHD,"163, Jalan S2 B3, Seremban 2, 70300 Seremban, Negeri Sembilan",70300,NEGERI SEMBILAN,MALAYSIA,06-6015127,,,,,,,0,0,,,,,
HERBALSCIENCE,HERBAL SCIENCE SDN BHD,SRIPERPATH,46000,SELANGOR,MALAYSIA,03-77830995,herbalsc@tm.net.my,,,,,,0,0,,,,,
SBS,SBS ELEKTRIK SDN BHD,"115, JLN THAMBOOSAMY, OFF JLN PUTRA,",50350,KUALA LUMPUR,MALAYSIA,340431177,info@sbselektrik.com.my,,,,,,0,0,,,,,
DAVEX2,DAVEX ENGINEERING (M) SDN BHD,"PLOT 32, LRG PERUSAHAAN MAJU 8, BUKIT TENGAH INDUSTRIAL PARK",13600,PENANG,MALAYSIA,04-5070517,viviankoh@davislighting.com,,,,,,0,0,,,,,
KBSEA,KEDAI BUKU SOUTH EAST ASIA,PENANG LEBUH CARNARVON,11500,PENANG,MALAYSIA,05-2612669,KBSEA@GMAIL.COM,,,,,,0,0,,,,,
SJLEARNING,SJ LEARNING,"25, Jalan USJ 17/10A,",47630,SELANGOR,MALAYSIA,03-80111710,info@sjlearning.com.my,"Selangor Darul Ehsan,",,,,,0,0,,,,,
AKYU,AKYU (M) SDN BHD,"NO.15, JLN BP 4/1, BANDAR BUKIT PUCHONG,",47120,SELANGOR,MALAYSIA,03-80668896,info@akyu.com.my,,,,,,0,0,,,,,
ACL,ASIA COMMERCE LOGISTICS SDN BHD,"Unit T2-L9, Level 9, Tower 2, PJ 33 (Jaya 33), Jalan Semangat, Seksyen 13",46200,SELANGOR,MALAYSIA, 03-2615 1111,enquiry-my@experian.com,,,,,,0,0,,,,,
HLC,HLC MAJU ENTERPRISE,,,,,014-9029069,,,,,,,0,0,,,,,
P DINAMIK UTAMA,PUSTAKA DINAMIK UTAMA,"A43 G Floor,Bandar Baru Mergong,Taman Bandar Baru Mergong,05150 Alor Setar,Kedah.",05150,KEDAH,MALAYSIA,017-520 2182,pustakadinamikutama@gmail.com,,,,,,0,0,,,,,
YOYO GAYA,YOYO GAYA SDN BHD,"18, Jalan Perai Jaya 4, Bandar Perai Jaya",13600,PENANG,MALAYSIA,60124295904,yoyogaya515@gmail.com,,,,,,0,0,,,,,
MAJUEDAR,PERNIAGAAN MAJU EDAR,JALAN INDUSTRI 2 TAMN PERINDUSTRIAN ANSON,36000,PERAK,MALAYSIA,05-6235269,MAJUEDAR@GMAIL.COM,,,,,,0,0,,,,,
PERFECTFOOD,PERFECT FOOD,"JALAN SAWIR BARU 8 , TAMAN PERINDUSTRIAN SAWIT BARU",81030,JOHOR,MALAYSIA,07-6522822,mactey.pfp@gmail.com,,,,,,0,0,,,,,
UNICO,UNITED CONFECTIONERY,"JALAN EKO PERNIAGAAN 1/14 EC BUSINESS PARK 1, JOHOR",81100,JOHOR,MALAYSIA,012-9510 227,ng@unitedconfection.com,,,,,,0,0,,,,,
NOBLESPICE,NOBLE SPICE SDN BHD,"NO.32-1,JLN 9A/133, TMN SRI SENTOSA, JLN KLANG LAMA,",58000,KUALA LUMPUR,MALAYSIA,012-2274995,james@noblespice.com,,,,,,0,0,,,,,
SUPER,SUPER PEWTER ENTERPRISE,"NO.54, LORONG MACHANG INDAH 8, TAMAN PERINDUSTRIAN MACHANG INDAH, JALAN SUNGAI LEMBU",14000,PENANG,MALAYSIA,017-4072866,superpewter@gmail,,,,,,0,0,,,,,
SBC,SBC PEN BOOK,BANDAR BARU AYER HITAM PULAU PINANG,11500,PENANG,MALAYSIA,04-8282626,SBC@GMAIL.COM,,,,,,0,0,,,,,
PUSTAKA SAKO AOR,PUSTAKA SAKO AOR,JALAN LANGGAR KEDAH,05460,KEDAH,MALAYSIA,04-7301827,SAKO@GMAIL.COM,,,,,,0,0,,,,,
HLHARDWARE,HL HARDWARE TRADING," Lot No 2362, Batu 37 1/2, Bukit Changgang, Banting, 42700, Selangor",42700,SELANGOR,MALAYSIA,013-3769399,,,,,,,0,0,,,,,
PINTARCERIA,PINTAR CERIA ENTERPRISE,,,PENANG,MALAYSIA,,,,,,,,0,0,,,,,
MILENIUM,MILENIUM VISION SOLUTIONS,"NO.2A, JLN BK 4/2A, BANDAR KINRARA,",47100,SELANGOR,MALAYSIA,016-5649741,,,,,,,0,0,,,,,
FALCON,Falcon MV (M) Sdn Bhd,"53 G, Lebuh Bukit Kecil 2, Taman Sri Nibong",11900,PENANG,MALAYSIA,017-5322208,purchasing@falcon-illumination.com,,,,,,0,0,,,,,
WARISANILMU,PUSTAKA WARISAN ILMU,"321, TMN GEMILANG LORONG 8 ,",06000,KEDAH,MALAYSIA,012-4773408,,,,,,,0,0,,,,,
IMPIAN,PUSTAKA IMPIAN,"NO.18, BLOK A4, PUST PERNIAGAAN BARU TMN DAHLIA, TMN DAHLIA,",81200,JOHOR,MALAYSIA,017-2348702,,,,,,,0,0,,,,,
BEANSENG,BEAN SENG NT SDN BHD,"4, Jalan Industri 2, Taman Industri Bukit Panchor,",14300,PENANG,MALAYSIA,,,,,,,,0,0,,,,,
XFAGLOBAL,XFA GLOBAL FORWARDING SND BHD,"Lot 803, Jalan Kapar, Batu 3 1/2",41400,SELANGOR,MALAYSIA,03-3362 6413,,,,,,,0,0,,,,,
RAMAH,SYARIKAT RAMAH ENTERPRISE,,46000,SELANGOR,MALAYSIA,,,,,,,,0,0,,,,,
IOT,INVENTIVE ONE TRADING,"69, JLN MURNI SATU, TMN DESA MURNI, SG DUA",13800,PENANG,MALAYSIA,014-2512519,,,,,,,0,0,,,,,
MAY CHENG,MAY CHENG,PETALING JAYA,402100,SELANGOR,MALAYSIA,123556100,,,,,,,0,0,,,,,
TROPICAL PRESS,TROPICAL PRESS SDN BHD,"56-2, JALAN MAAROF, BANGSAR BARU",59000,KUALA LUMPUR,MALAYSIA,,,,,,,,,,,,,,
COMFORTSURF,COMFORT SURF,"LOT 1-026, 1ST FLOOR, ENDAH PARADE, NO.1, JLN 1/149E, BANDAR BARU SRI PETALING,",57000,KUALA LUMPUR,MALAYSIA,03-95480072,comfortsurf@gamil.com,,,,,,,,,,,,
PRISMA,PENERBIT PRISMA SDN BHD,"NO.10, JLN PJS 7/17, BANDAR SUNWAY,",46150,SELANGOR,MALAYSIA,03-56380541,,,,,,,,,,,,,
WAYNE,WAYNE,SELANGOR,,SELANGOR,MALAYSIA,,,,,,,,,,,,,,
MBS,MBS NETWORK,"NO.29, JLN BARAT 3,",47120,SELANGOR ,MALAYSIA,019-3440125,mybukustop@gamil.com,,,,,,,,,,,,
CHUNG,CHUNG,SELANGOR,,SELANGOR,MALAYSIA,017-2368083,,,,,,,,,,,,,
MESRAJAYA,PERNIAGAAN MESRAJAYA,"NO.408, JLN AMPANG BARU 8, AMPANG BARU",31400,PERAK,MALAYSIA,012-9508758,perniagaanmesrajaya@gmail.com,,,,,,,,,,,,
KREATIFKEMBARA,KREATIF KEMBARA,SELANGOR,47120,SELANGOR,MALAYSIA,,,,,,,,,,,,,,
ASIAPOLY,ASIA POLY INDUSTRIAL SDN BHD,"LOT 758, JALAN HAJI SIRAT, MUKIM KAPAR",42100,SELANGOR,MALAYSIA,03-33422567,INFO@ASIAPOLY.COM.MY,,,,,,,,,,,,
IQBOOK,IQ BOOK SERVICE,"15, Jalan Ke 1/8, Kota Emerald, 48000 Rawang, Selangor",48000,SELANGOR,MALAYSIA, 012-309 5074,,,,,,,,,,,,,
HKP,HKP ENTERPRISE,"NO.38, TMN LAGENDA INDAH,",08000,KEDAH,MALAYSIA,012-4767837,,,,,,,,,,,,,
LINKBONNY,LINK BONNY SDN BHD,"16A, JLN TK2/1A, TMN KINRARA,",47180,SELANGOR,MALAYSIA,03-80711820,LINKBONNY@GMAIL.COM,,,,,,,,,,,,
IBS,IBS BUKU SDN BHD,"Unit B3-06 PJ Industrial Park, Jalan Kemajuan, 46200 Petaling Jaya, Selangor",46200,SELANGOR,MALAYSIA, 03-7957 9282,ibsbuku@po.jaring.my,,,,,,,,,,,,
PENLINE,PENLINE ART SUPPLIES,"26, Jalan 52/4, Pj New Town, 46200 Petaling Jaya, Selangor",46200,SELANGOR,MALAYSIA,03-7954 7418,,,,,,,,,,,,,
PUSTAKAJIWA,PUSTAKA JIWA SDN BHD,"No. 26, Jalan Sbc 5, Taman Sri Gombak, 68100 Batu Caves, Selangor",68100,SELANGOR,MALAYSIA, 03-6188 3652,books@pusakajiwa.com.my,,,,,,,,,,,,
SHAHBATZILA,SHAHBATZILA MARKETING,"LOT 2507-1 BATU 5 1/2, JALAN GOMBAK",53100,SELANGOR,MALAYSIA,019-6954915,shahbatzila.marketing82@gmail.com,,,,,,,,,,,,
MZCHEMICAL,MZ CHEMICAL SUPPLY/ SERVICES,SELANGOR,,SELANGOR,MALAYSIA,017-2368083,,,,,,,,,,,,,
EQUIPMEDICAL,EQUIP MEDICAL (M) SDN BHD," 11, Jalan Tandang 51/205A, Seksyen 51, 46050 Petaling Jaya, Selangor",46050,SELANGOR,MALAYSIA,03-7772 6338,: sales@equipmedical.com.sg,,,,,,,,,,,,
IMPROCHEM,IMPROCHEM MARKETING,"7398 Jalan Ciku, 40150 Bukit Cherakah - Shah Alam",40150,SELANGOR,MALAYSIA,03 7846 6618,,Selangor Darul Ehsan - West Malaysia - Malaysia,,,,,,,,,,,
GLOBALPUBLISHING,GLOBAL PUBLISHING & DISTRIBUTORS,"A-1-6 GRD FLR SRI INTAN 1 BUSINESS CENTRE, LENGKOK SELINGSING, TMN KOK LIAN,",51200,KUALA LUMPUR,MALAYSIA,03-26323779,,,,,,,,,,,,,
PRISTINE,PRISTINE FRONTIER SDN BHD,"7, Jalan Bukit Desa 5, Taman Bukit Desa,",58100,KUALA LUMPUR,MALAYSIA,03-7981 9327,pfsbkl@gmail.com,,,,,,,,,,,,
ZAKARIA,ZAKARIA SHAH ALAM,,402100,SELANGOR,MALAYSIA,017-2368083,,,,,,,,,,,,,
ZAFAR,PERCETAKAN ZAFAR SDN BHD,"LOT NO.18 & 20, JLN 4/10B SPRING CREST INDUSTRIAL PARK, BATU CAVES,",68100,KUALA LUMPUR,MALAYSIA,03-61875725,,,,,,,,,,,,,
INNOVATE,INNOVATE CREATIONS PLT,"24A-2, JLN BUNGA TANJUNG 8A, TMN MUDA,",56100,KUALA LUMPUR,MALAYSIA,017-5895849,,,,,,,,,,,,,
FESCOPRINT,FESCO PRINT MART,SELANGOR,402100,SELANGOR,MALAYSIA ,017-2368083,,,,,,,,,,,,,
FIRSTIDEA,PUSTAKA FIRST IDEA ENTERPRISE,,402100,SELANGOR,MALAYSIA,,,,,,,,,,,,,,
E-XAJI,E-XAJI ADVERTISING SDN BHD,"15 & 17, JALAN TERATAI 1/2G, TAMAN BUKIT TERATAI,",56100,SELANGOR0,MALAYSIA,03-42807919,exajiprint@yahoo.com,,,,,,,,,,,,
DAISEI,DAISEI CORPORATION SDN BHD,"Suite 1303, 13th Floor, Lobby 1, Block A, Damansara Intan, E-Business Park, No 1, Jalan SS 20/27,",47400,SELANGOR,MALAYSIA,03-77297328,sales@daisei.com.my,,,,,,,,,,,,
SAMTRADING,SAM TRADING CO. SDN BHD.,"2G, JLN REKO, PUSAT HENTIAN KAJANG,",43000,SELANGOR,MALAYSIA,03-87370337,,,,,,,,,,,,,
NEWCENTURY,NEW CENTURY BOOK STORE,"NO.27, PUSAT PERNIAGAAN PERTAMA, JLN PUSAT PERNIAGAAN PERTAMA, OFF JLN SILIBIN,",30100,PERAK,MALAYSIA,05-2544646,,,,,,,,,,,,,
LS,LS SUPPLIER,"No. 2, Solok Naga Kanthan 1, Desa Naga Kanthan, 31200 Chemor, Perak",31200,PERAK,MALAYSIA,016-5937551,,,,,,,,,,,,,
SYABAS,SYABAS ILMU,,402100,SELANGOR,MALAYSIA,017-2368083,,,,,,,,,,,,,
AMAZINGPOSITIVE,AMAZING POSITIVE INSPIRATIONS SDN BHD,"11 JALAN ANGGERIK VANILLA AB 31/AB, KOTA KEMUNING",40460,SELANGOR,MALAYSIA,03 51219019,ap.inspirations.my@gmail.com,,,,,,,,,,,,
TELASTOMER,TELASTOMER ENTERPRISE,"27Jalan Prima, taman Puchong Prima, 47150 Puchong, Selangor Darul Ehsan",402100,SELANGOR,MALAYSIA,017 2368083,cmjye09@gmail.com,,,,,,,,,,,,
KENZENE,KENZENE TRADING (M) SDN BHD,"LOT 36, JALAN 6/2, KAWASAN PERUSAHAAN ,",43300,SELANGOR,MALAYSIA,03 89484370,info@kenzene.com,,,,,,,,,,,,
TAISENG,TAI SENG TRADING,"BB-G-36 JLN PINGGIRAN 1/5, TMN PINGGIRAN PUTRA,",43300,SELANGOR,MALAYSIA,012 2996362,,,,,,,,,,,,,
SSM,SRI SAUJANA MARKETING,"LOT 35, KOMPLEKS KILANG SME BANK BATU CAVES, JALAN SBC 6, TAMAN SRI BATU CAVES,",68100,SELANGOR,MALAYSIA,03 61855759,sri.saujana@yahoo.com,,,,,,,,,,,,
REVO,REVO LUSENSE SDN BHD,"NO.36, LORONG TERAS JAYA 3, KAWASAN PERUSAHAAN RINGAN TERAS JAYA,",13400,PENANG ,MALAYSIA,04 3319905,,,,,,,,,,,,,
MINDADEX,PUSTAKA MINDADEX SDN BHD,"19, Jalan Bendahara 22/7, Bandar Mahkota Cheras, 43200 Cheras, Selangor",43200,KUALA LUMPUR,MALAYSIA,016 3353855,,,,,,,,,,,,,
VJSUCCESS,VJ SUCCESS ENTERPRISE,"109-8-16 JALAN PUDU ULU, JALAN CHERAS",56100,SELANGOR,MALAYSIA,012 2408770,vj_successenterprise@hotmail.com,,,,,,,,,,,,
READRESOURCES,READ RESOURCES SDN BHD," 50, Jalan Kemajuan, Seksyen 12, 46200 Petaling Jaya, Selangor",46200,SELANGOR,MALAYSIA, 03-7955 4890, readresources.info@gmail.com.,,,,,,,,,,,,
QIBLA,QIBLA GLOBAL,,402100,SELANGOR,MALAYSIA,017 2368083,,,,,,,,,,,,,
FLEXTECH,FLEX TECH INDUSTRIAL SUPPLY,"NO 56 JALAN LAGUN 25/109,",40400,SELANGOR,MALAYSIA,012-605 1079,,,,,,,,,,,,,
OCTOPUS,OCTOPUS RESOURCES SDN BHD,"NO 41, JALAN LAYANG-LAYANG 4, BANDAR PUCHONG JAYA,",47100,SELANGOR,MALAYSIA,03-58911823,octopus.recycling@gmail.com,,,,,,,,,,,,
INFINITY,NUR INFINITY VENTURES,"LOT 2997, JALAN SEPAKAT,  TAMAN BERLIAN",68100,SELANGOR,MALAYSIA,016-3679654,nurinfinityventures@gmail.com,,,,,,,,,,,,
JAKSA,PERUSAHAAN JAKSA BERSATU SDN BHD,"NO 7&7A, JALAN 18/17, TAMAN KANAGAPURAM",46000,SELANGOR,MALAYSIA,03 77843017,arpolkhoo@yahoo.com,,,,,,,,,,,,
NICETRADE,NICETRADE ENTITY SDN BHD,"NO 24 JALAN EMAS JAYA 1, TAMAN EMAS JAYA",83000,JOHOR,MALAYSIA,07-4152515,giashin515@gmail.com,,,,,,,,,,,,
EVERBEST,EVERBEST MEDIA SDN BHD,"39 JALAN SBC 8, TAMAN SRI BATU CAVES",68100,SELANGOR,MALAYSIA,03 61842003,,,,,,,,,,,,,
PTS,PTS PUBLICATIONS & DISTRIBUTORS SDN BHD,"NO 12, JALAN DBP, DOLOMITE BUSINESS PARK",68100,SELANGOR,MALAYSIA,03 61880316,sales@pts.com.my,,,,,,,,,,,,
LNP,LNP SYNERGY SDN BHD,"76-G, JALAN PJS 5/30, PUSAT PERDAGANGAN PETALING JAYA SELATAN",46150,SELANGOR,MALAYSIA,03 77812168,,,,,,,,,,,,,
KKM,KAYA KAYA MEDIA SDN BHD,,402100,SELANGOR,MALAYSIA,017 2368083,,,,,,,,,,,,,
BUBBLE,BUBBLE 02," 7-51, 02, Jln Medan Pusat Bandar 8A, Seksyen 9, 43650 Bandar Baru Bangi, Selangor",43600,SELANGOR,MALAYSIA,017 2368083,,,,,,,,,,,,,
CAMPAP,CAMPAP MARKETING SDN BHD,"6428 Lorong Mak Mandin Tiga, Mak Mandin Industrial Estate",13400,PENANG,MALAYSIA,04 3230499,suriyakala@campap.com,,,,,,,,,,,,
MCLAB,MC LAB SUPPLIES,"NO.9, JLN PJU 1A/23D,PETALING JAYA",47301,SELANGOR,MALAYSIA,012 3291293, mclab@mclab.com,,,,,,,,,,,,
DAVEX,DAVEX (M) SDN BHD,"65, JLN PJS 11/7, BANDAR SUNWAY,SUBANG JAYA",47500,SELANGOR,MALAYSIA,03 56364348,phoebe@davislighting.com,,,,,,,,,,,,
DASARJAYA,PUSTAKA DASAR JAYA," No. 26, Jalan Puj 2/27, Taman Puncak Jalil, Selangor,  Seri Kembangan",43300,SELANGOR,MALAYSIA,017 2368083,,,,,,,,,,,,,
 GTS,GERMAN TOOLIN SYSTEM,"33, Jalan Puteri 5/20, Bandar Puteri, 47100 Puchong, Selangor",47100,SELANGOR,MALAYSIA,017 2368083,,,,,,,,,,,,,
IMPIANA,IMPIANA PUB & DISTRI SDN BHD,"No 8, Jalan PJS 3/45, Taman Sri Manja Off Jalan Klang Lama ",46000 ,SELANGOR,MALAYSIA,017 2368083,,,,,,,,,,,,,
SYSTEM,SYSTEM PUBLICATION SDN BHD,"7, Jalan Perindustrian PP4, Taman Bukit Serdang, 43300 Seri Kembangan, Selangor",43300,SELANGOR,MALAYSIA,017 2368083,,,,,,,,,,,,,
KINTRY,KINTRY FOOD CO,"27A, Jalan 16, Kampung Cheras Baru",56100,KUALA LUMPUR,MALAYSIA,016 3366686,ANDY@KINTRY.CO,,,,,,,,,,,,
HARMONI,HARMONI PUBLICATION & DISTRIBUTORS SDN BHD," K-G-17 & K-1-17, Jalan PJU 1A/20C, Dataran Ara Damansara, Selangor, 47301 Petaling Jaya",47301,SELANGOR,MALAYSIA,017 2368083,,,,,,,,,,,,,
DPSB,DYNAMIC PROMOTE SDN BHD,,402100,SELANGOR,MALAYSIA,017 2368083,,,,,,,,,,,,,
KANGKEATHIN,KANG KEAT HIN,,,KUALA LUMPUR,MALAYSIA,,,,,,,,,,,,,,
 SWEEWENG,SWEE WENG ENTERPRISE,"AS-93 ,JALAN HANG TUAH EMPAT , SALAK SOTH GARDEN",57100,KUALA LUMPUR,MALAYSIA,016-3911116,,,,,,,,,,,,,
TRUCKWORLD,TRUCK WORLD AUTO ASSEMBLY SDN BHD,"LOT 9198, JLN TELOK GONG, KAMPONG TELOK GONG,PORT KLANG",42000,SELANGOR,MALAYSIA,03 31341830,info@truckworld.com.my,,,,,,,,,,,,
SUNGHO,PERNIAGAAN SUNGHO FOOD SDN BHD,"43, JALAN BRP 1/5, BUKIT RAHMAN PUTRA, SG BULOH",47000,SELANGOR,MALAYSIA,03-61565822, myjajanviral@gmail.com  ,,,,,,,,,,,,
GLOBALTECH,GLOBAL TECH HYGIENE S/B,"NO.120, JALAN PP 1/4, TAMAN PUTRA PRIMA, PUCHONG",47100,SELANGOR,MALAYSIA,03-80627183,,,,,,,,,,,,,
LIPTAI,LIP TAI SDN BHD,"NO 6 JALAN TPP 1/5, TAMAN INDUSTRI PUCHONG",47100,SELANGOR,MALAYSIA,03 80627183,,,,,,,,,,,,,
CHUGOKU,CHUGOKU PAINTS (M) SDN BHD,"PLO 430, JALAN EMAS DUA, PASIR GUDANG INDUSTRIAL ESTATE,PASIR GUDANG",81700,JOHOR,MALAYSIA,60-(7)2511502,,,,,,,,,,,,,
MUSTREAD,MUST READ SDN BHD,"33 JALAN SBC 6, TAMAN SRI BATU CAVES",68100,SELANGOR,MALAYSIA,017 2368083,,,,,,,,,,,,,
MUBARUK,SS MUBARUK & BOOKS (M) SDN BHD,"No. 130-132-134, Jalan Sultan Yussuf",30000,PERAK,MALAYSIA,017 2368083,,"Ipoh, ",,,,,,,,,,,
SINARJERNIH,"SINAR JERNIH SDN BHD,","NO.41G, PETALING UATAM AVENUE, JLN PJS1/50, PETALING UTAMA,",46150,SELANGOR,MALAYSIA,03 77850908,info@sinarjernih.com.my,,,,,,,,,,,,
SOZO,SOZO PRODUCT DEVELOPMENT SDN BHD,"NO.10B, 2ND FLOOR, JLN SS 26/6, TMN MAYANG JAYA,",47301,SELANGOR ,MALAYSIA,03 78878335,,,,,,,,,,,,,
FESCO,FESCO TRADING CO.,"NO.3, JLN PBS 14/3, TMN PERINDUSTRIAN BKT SERDANG,",43300,SELANGOR,MALAYSIA,012 3342119,,,,,,,,,,,,,
SHINE2,SHINE SHINE (M) SDN BHD,"No 2, Jalan Putra Mahkota 7/6b, Putra Heights,",47650,SELANGOR,MALAYSIA, 012-824 6608, enquiry@shineshineclub.com,47650 Subang Jaya,,,,,,,,,,,
JIALIANG,PERNIAGAAN JIALIANG,,402100,SELANGOR,MALAYSIA,017 2368083,,,,,,,,,,,,,
 SAINTIFIK,SYARIKAT SAINTIFIK JAYA,"NO. 69, JALAN PENERBIT U1/43,TEMASYA INDUSTRIAL PARK,GLENMARIE,",40150,SELANGOR,MALAYSIA,03-5569 0758,,,,,,,,,,,,,
AR-RISALAH,AR-RISALAH PRODUCT SDN BHD,"NO 27 & 299, JALAN DBP, DOLOMITE BUSINESS PARK",68100,SELANGOR,MALAYSIA,03-61857006,sales@hidayah.com.my,,,,,,,,,,,,
 MASTER,MASTER AGENCIES (M) SDN BHD,"110-116, JLN 27, KAWASAN 16, SUNGAI RASA,",41300,SELANGOR,MALAYSIA,03-33418888,,,,,,,,,,,,,
RAYTHEME,RAY THEME SDN BHD,"NO.A-131,JLN 7 KOSMOPLEKS, BANDAR BARU SALAK TINGGI,",43900,SELANGOR,MALAYSIA,03 87051302,raytheme08@gamil.com,,,,,,,,,,,,
 BEHER,BEH-ER PUBLICATION SDN BHD,"NO.1, JLN 4/152, TMN PERINDUSTRIAN OUG, OFF JLN PUCHONG,",58200,SELANGOR,MALAYSIA,03 77816800,,,,,,,,,,,,,
HONGSUN,HONGSUN EDUCATIONAL SUPPLIES,"NO.19, JLN PERDANA 4, TMN SEGAR PERDANA,",43200,SELANGOR,MALAYSIA,03 90765769,,,,,,,,,,,,,
 MICROCHEM, MICROCHEM SCIENTIFIC SOLUTION,"NO.4-11, BIZ WALK, JLN TASIK PRIMA 6/2, TMN TASIK PRIMA,",47150,SELANGOR,MALAYSIA,012 3885265,,,,,,,,,,,,,
MSVINTAGE,MISS VINTAGE SHOP,,402100,SELANGOR,MALAYSIA,017 2368083,,,,,,,,,,,,,
LEDVANCE,Ledvance Sdn Bhd," No. 72A, Jalan Universiti, PETALING JAYA",46200,SELANGOR,MALAYSIA,03 79412266,waiching.phoon@ledvance.com,,,,,,,,,,,,
OSRAM,OSRAM (Malaysia) Sdn Bhd,"L8-02, 8TH FLOOR, TROPICANA CITY OFFICE TOWER, NO 3,",47400,SELANGOR,MALAYSIA,03 7959000,S.Teoh2@ledvance.com," JALAN SS20/27,",,,,,,,,,,,
PSHARDWARE,P&S HARDWARE SDN BHD,"NO7 JALAN MJ/4, MEDAN MAJU JAYA, BATU 7, JALAN KLANG LAMA,",46000,SELANGOR,MALAYSIA,03 77837228,pnshardware@yahoo.com,,,,,,,,,,,,
FSCREATIVO,FS CREATIVO (M) SDN BHD,"18-20 Jalan Seksyen 2/14, Taman Kajang Utama,",43000,SELANGOR,MALAYSIA,03 87372742,james.fscretivo@gmail.com,,,,,,,,,,,,
BOOKLINE,BOOKLINE SERVICES,"NO. 12 & 14, JALAN JASA 20, TAMAN MEDAN PEJASA,",46000,SELANGOR,MALAYSIA,03-7781 0104,-@BOOKLINE.COM,,,,,,,,,,,,
DARULFIKIR,DARULFIKIR,,50300,SELANGOR,MALAYSIA,03 26913892,,,,,,,,,,,,,
MUSTAQIM,MOHD MUSTAQIM BIN ROSLIN,,402100,SELANGOR,MALAYSIA,017 2368083,,,,,,,,,,,,,
KEMILAU,KEMILAU PUBLIKA SDN BHD,"Su Mall, 22F, Jalan Bidara 8, Saujana Utama 3, Sungai Buloh, Selangor",47000,SELANGOR,MALAYSIA,03-6038 3314,,,,,,,,,,,,,
YFE,YFE-CLARK EXPRESS PTE LTD,"NO.11, JLN PBP 11, TMN PERINDUSTRIAN, PUCHONG",47160,SELANGOR,MALAYSIA,03 - 8061 0781,,,,,,,,,,,,,
DASARJAYA,PUSTAKA DASAR JAYA SDN BHD," No. 26, Jalan Puj 2/27, Taman Puncak Jalil, Selangor, 43300 Seri Kembangan",43300,SELANGOR,MALAYSIA, 03-8941 3579,,,,,,,,,,,,,
MCHEM,MCHEM SCIENTIFIC SDN BHD,"NO.11, JLN PBP 11, TMN PERINDUSTRIAN, PUCHONG",47160,PENANG,MALAYSIA,03 80610781,,,,,,,,,,,,,
PDI,PDI PUBLICATIONS SDN BHD,"NO.23-2, JLN 10/23A, OFF JLN USAHAWAN, MEDAN MAKMUR, SETAPAK",53200,KUALA LUMPUR,MALAYSIA,03 41416835,,,,,,,,,,,,,
JJG,JJ & G RESOURCES SDN BHD,"NO.15, JLN DESA BUDIMAN, BUDIMAN BUSINESS PARK,",43000,SELANGOR,MALAYSIA0,03 80610781,,,,,,,,,,,,,
KOSMART,Kos Mart Sdn Bhd,"No. 10, Jalan Radin Anum 1, Bandar Baru Seri Petaling",57000,KUALA LUMPUR,MALAYSIA,03 90570896,,,,,,,,,,,,,
BIBLE,The Bible Society of Malaysia,"No. 2, Jalan SS 20/10, Damansara Kim, PETALING JAYA",47400,SELANGOR,MALAYSIA,03 77278215,cwsac@yahoo.com,,,,,,,,,,,,
SASBADIONLINE,Sasbadi Online Sdn Bhd,"Lot 12, Jalan Teknologi 3/4, Taman Sains Selangor 1, Kota Damansara",40300,SELANGOR,MALAYSIA,03 61451188,enquiry@sasbadi.com,,,,,,,,,,,,
UNION,Pustaka Union,"No. 1959 L/M, Jalan Stadium, ALOR SETAR",05100,KEDAH,MALAYSIA,04 7331718,contact@union.my,,,,,,,,,,,,
SYAFIE,Pustaka Syafie Sdn Bhd,"No. 85, Jalan Kangsar, Bandar Baru, KUALA KANGSAR",33000,PERAK,MALAYSIA,05 7777039,,,,,,,,,,,,,
HARFA,Syarikat Harfa Sdn Bhd,"No. 5, Lorong Bagan Luar 3, Bagan Luar, BUTTERWORTH",12000,PENANG,MALAYSIA,04 3326850,harfa@streamyx.com,,,,,,,,,,,,
SISTEM,Pustaka Sistem Pelajaran Sdn Bhd,"Lot 17-22 & Lot 17-23, Jalan Satu Bersatu, Industrial Park Cheras Jaya",43200,SELANGOR,MALAYSIA,03 90747558,,,,,,,,,,,,,
BUDAYA,Kedai Buku Dan Agensi Budaya,"No. 367, Jalan Perak 1, Taman Bersatu, KULAI",81000,JOHOR,MALAYSIA,07 6636073,,,,,,,,,,,,,
ADAM,Syarikat Adam,"No. 3096, Jalan Rozhan, Taman Rozhan, BUKIT MERTAJAM",14000,PENANG ,MALAYSIA,04 5516786,sales@adambooksonline.com.my,,,,,,,,,,,,
KIMSENG,Syarikat Wakil Pengangkutan Kim Seng Sdn Bhd,"Lot 27, Jalan 13/118B, Desa Tun Razak Industrial Park, KUALA LUMPUR",56000,KUALA LUMPUR,MALAYSIA,03 91725330,sales@kimseng.com.my,,,,,,,,,,,,
NILAM,Nilam Publication Sdn Bhd,"No. 35 Jalan 5/10B, Spring Crest Industrial Park, SELANGOR",68100,SELANGOR,MALAYSIA,03 61787989, nilampublication@yahoo.com,,,,,,,,,,,,
ELSEVIER,Elsevier (Singapore) Pte Ltd,"3 Killiney Road #08-01,WINSLAND HOUSE 1",239519,WINSLAND HOUSE 1,SINGAPORE,6563490200,,,,,,,,,,,,,
 LOVEBOOK,Love Community PUJ Bookstore,"No .11 (Ground Floor, Jalan PUJ 3/1, Taman Puncak Jalil,SERI KEMBANGAN",43300,SELNAGOR,MALAYSIA,012 2237513,lovecommunitycentre99@gmail.com,,,,,,,,,,,,
FSGARMENT,FS Garment (M) Sdn Bhd,"18-20 Jalan Seksyen 2/14, Taman Kajang Utama, KAJANG",43000,SELANGOR,MALAYSIA,03 87372742,james.fscretivo@gmail.com,,,,,,,,,,,,
MPR,MPR COURIER EXPRESS,"NO.97G, JALAN SATU, BATU CAVES CENTEPOINT",68100,SELANGOR,MALAYSIA,012-3080049,mprcourier@gmail.com,BATU CAVES,,,,,,,,,,,
PJT,PJT TYRES & BATTERIES SDN BHD,"1 Jalan Radin Anum 2, Bandar Baru Sri Petaling,",57000,KUALA LUMPUR,MALAYSIA,03-90575713,pjtttbsb@gmail.com,,,,,,,,,,,,
BILLIONS TECH,EASY BILLIONS TECH,"72, JLN APOLLOUS/198, ",40150,SELANGOR,MALAYSIA,012-2919793,,SHAH ALAM,,,,,,,,,,,
GRANDMELTIQUE,GRAND MELTIQUE FOOD ,"21, JALAN KEMPAS UTAMA 3/6,",81200,JOHOR,MALAYSIA,07-5500249,,TAMAN KEMPAS  JOHOR BAHRU,,,,,,,,,,,
HARVARD,HARVARD-GREEN MANUFACTURING (M) SDN BHD,"78-1, JALAN SBC3, TAMAN SRI BATU CAVES,",68100,SELANGOR,MALAYSIA,03-61870062,info@hgm.com.my,,,,,,,,,,,,
NATMAS,Natmas Marketing (M) Sdn Bhd,"PT 10047, Jalan BBN 1/3K, Phase 2A Putra Point,",71800,NEGERI SEMBILAN,MALAYSIA,,,Bandar Baru Nilai,,,,,,,,,,,
,,,,,,,,,,,,,,,,,,,
